Workbook

Sheet 요약
A1: Action share 주식기준보상 검토 요약 (일반기업회계기준 제19장)
A2: 사노피-아벤티스 코리아 / 2026년 9월 중간감사 / 금액 단위: 원
A4: 근거 | B4: 19.3: 지배기업이 자기 주식으로 종속기업 종업원에게 보상하는 거래도 적용. 19.A60·사례 14: 종속기업은 보상원가 전액을 비용으로, 같은 금액을 지배기업 출자(자본잉여금)로 인식. 19.12: 즉시 가득 시 부여일에 전액 인식. 19.18: 가득 후 환입하지 않음.
A6: 회차 | B6: 부여일(추정) | C6: 보상원가 | D6: 감사 기간 | E6: 현재 처리 | F6: 제안 처리 | G6: 비고
A7: 2024 | B7: =회차별계산!B6 -> 2024.6.24 | C7: =회차별계산!B20 -> 413745039 | D7: 당 감사인 (FY2024) | E7: 미인식 | F7: 미수정사항 (전기오류, 중요하지 않음) | G7: OHK 12명 제외
A8: 2025 | B8: =회차별계산!C6 -> 2025.7.1 | C8: =회차별계산!C20 -> 515808864 | D8: 당 감사인 (FY2025) | E8: 미인식 | F8: 미수정사항 (전기오류, 중요하지 않음)
A9: 2026 | B9: =회차별계산!D6 -> 2026.6.29 | C9: =회차별계산!D20 -> 316532214 | D9: 당 감사인 (FY2026) | E9: 미인식 | F9: 수정 제안 (당기 비용) | G9: CTM 초과, PM 미달
A10: 2013~2023 | B10: - | C10: =과거분추정!B9 -> 4568982429 | D10: 전임감사인 | E10: 미인식 | F10: 조정 없음 (자본 내 분류, 추정) | G10: 범위 = 과거분추정 시트
A11: 누적 (추정) | C11: =SUM(C7:C10) -> 5815068546
A13: 수정 제안 (2026.9)
A14: 차/대 | B14: 계정 | C14: 금액 | D14: 손익 영향
A15: 차변 | B15: 급여 (주식보상비용, 판관비) | C15: =회차별계산!D20 -> 316532214 | D15: 세전이익 감소
A16: 대변 | B16: 기타자본잉여금 (지배기업 출자) | C16: =회차별계산!D20 -> 316532214 | D16: 자본 총계 영향 없음
A18: 중요성 | B18: PM 5,170,000,000 / CTM 194,000,000 (2026 감사계획 기준)
A19: 세무 | B19: SAK가 실제 부담하지 않는 비용이므로 손금불산입(기타). 법인세 효과 없음.
A20: 제약사항 | B20: '범위 및 제약사항' 시트 참조. 핵심: 참고가격을 공정가치 대용으로 사용, 처분제한 할인 미반영, 2023년 이전은 외삽 추정.

Sheet 회차별계산
A1: Action share 회차별 보상원가 계산 (SAK, 회사코드 1616)
A2: 출처: 회사 제공 Workday 청약 명세(Action 2024/2025/2026, Sanofi_Extract_INTER). 노란색 = 원천자료 입력값, 나머지 = 수식. 금액 단위: 원
A4: 항목 | B4: 2024 회차 | C4: 2025 회차 | D4: 2026 회차 | E4: 산식 / 비고
A5: 청약 기간 | B5: 2024.6.4~6.24 | C5: 2025.6.10~7.1 | D5: 2026.6.9~6.29 | E5: 명세상 청약 생성일 범위
A6: 부여일(추정) | B6: 2024.6.24 | C6: 2025.7.1 | D6: 2026.6.29 | E6: 청약기간 종료일(취소 불가 시점) 가정
A7: 귀속 회계연도 | B7: 2024 | C7: 2025 | D7: 2026 | E7: 즉시 가득 → 부여일이 속한 연도 전액 인식(19.12)
A8: 참여 인원(SAK) | C8: 163 | D8: 105 | E8: 2024는 OHK 12명 제외 후 인원 미집계
A9: 청약가격 (주당) | B9: 107964 | C9: 114707 | D9: 105899 | E9: 명세 Subscription price (Local currency)
A10: 할인율 | B10: 0.2 | C10: 0.2 | D10: 0.2 | E10: 안내서: 참고가격 대비 20% 할인 (2024·2025는 같은 조건 가정)
A11: 총 주식수 (무상주 포함) | B11: ='2024 OHK제외'!D8 -> 13249 | C11: 15395 | D11: 10304 | E11: 명세 Shares
A12: 무상주 | B12: ='2024 OHK제외'!D9 -> 520 | C12: 648 | D12: 413 | E12: 명세 Free Shares
A13: 납입액 (원) | B13: ='2024 OHK제외'!D10 -> 1374273756 | C13: 1691584129 | D13: 1047447009 | E13: 명세 Amount (Local Currency)
A14: 납입 주식수 | B14: =B11-B12 -> 12729 | C14: =C11-C12 -> 14747 | D14: =D11-D12 -> 9891 | E14: 총 주식수 - 무상주
A15: 검증: 납입 주식수 × 청약가격 | B15: =B14*B9 -> 1374273756 | C15: =C14*C9 -> 1691584129 | D15: =D14*D9 -> 1047447009
A16: 검증 차이 | B16: =B13-B15 -> 0 | C16: =C13-C15 -> 0 | D16: =D13-D15 -> 0 | E16: 0이면 명세 금액과 일치
A17: 참고가격 (주당) | B17: =ROUND(B9/(1-B10),0) -> 134955 | C17: =ROUND(C9/(1-C10),0) -> 143384 | D17: =ROUND(D9/(1-D10),0) -> 132374 | E17: 청약가격 ÷ (1 - 할인율). 부여일 공정가치의 대용치
A18: ① 할인분 | B18: =ROUND(B13/(1-B10)*B10,0) -> 343568439 | C18: =ROUND(C13/(1-C10)*C10,0) -> 422896032 | D18: =ROUND(D13/(1-D10)*D10,0) -> 261861752 | E18: 납입액 ÷ (1 - 할인율) × 할인율
A19: ② 무상주 공정가치 | B19: =B12*B17 -> 70176600 | C19: =C12*C17 -> 92912832 | D19: =D12*D17 -> 54670462 | E19: 무상주 × 참고가격
A20: 보상원가 합계 (① + ②) | B20: =B18+B19 -> 413745039 | C20: =C18+C19 -> 515808864 | D20: =D18+D19 -> 316532214 | E20: (차) 급여(주식보상비용) / (대) 기타자본잉여금
A21: 민감도: 부여일 주가 ±10% | B21: =ROUND(B11*B17*0.1,0) -> 178801880 | C21: =ROUND(C11*C17*0.1,0) -> 220739668 | D21: =ROUND(D11*D17*0.1,0) -> 136398170 | E21: 총 주식수 × 참고가격 × 10%
A23: 3개 회차 합계 | B23: =SUM(B20:D20) -> 1246086117

Sheet 2024 OHK제외
A1: 2024 회차: Opella Healthcare Korea(1275) 직원분 제외
A2: OHK는 2024.6월 매각된 별도 법인으로, 그 직원의 근무용역 대가는 SAK 비용이 아님. 개인별 명세는 조서에 남기지 않고 집계값만 기재
A4: 항목 | B4: 명세 Grand Total | C4: OHK(1275) 12명 합계 | D4: SAK(1616) | E4: 비고
A7: 인원 | C7: 12
A8: 총 주식수 (무상주 포함) | B8: 14024 | C8: 775 | D8: =B8-C8 -> 13249
A9: 무상주 | B9: 568 | C9: 48 | D9: =B9-C9 -> 520
A10: 납입액 (원) | B10: 1452763584 | C10: 78489828 | D10: =B10-C10 -> 1374273756
A11: 납입 주식수 | B11: =B8-B9 -> 13456 | C11: =C8-C9 -> 727 | D11: =D8-D9 -> 12729
A12: 검증: 납입 주식수 × 107,964 | B12: =B11*107964 -> 1452763584 | C12: =C11*107964 -> 78489828 | D12: =D11*107964 -> 1374273756 | E12: 납입액과 일치 확인
A13: 검증 차이 | B13: =B10-B12 -> 0 | C13: =C10-C12 -> 0 | D13: =D10-D12 -> 0

Sheet 2026 GL대사
A1: 2026 회차 명세 vs GL 대사
A2: GL: 전표 830000156(2026.7.9) 그룹 지급 채무 42050000, 선수금 42911000, 미수금 26550450
A4: 항목 | B4: 명세 (원) | C4: GL (원) | D4: 차이 | E4: 원인
A5: 그룹 지급 채무 (청약 총액) | B5: =회차별계산!D13 -> 1047447009 | C5: 1043239157 | D5: =B5-C5 -> 4207852 | E5: GL은 EUR 592,174.17 × 7월 환율 1,761.71로 기표. 직원 납입액은 그룹 고정환율(약 1,769원/EUR) 기준 원화로 확정
A6: 일시납 (선수금 입금) | B6: 534895849 | C6: 532747041 | D6: =B6-C6 -> 2148808 | E6: 초과 납입 2,148,808원을 외환이익(74110000)으로 처리. 직원 반환 부채인지 확인 필요
A7: 급여공제 미수금 | B7: 512551160 | C7: 510492116 | D7: =B7-C7 -> 2059044 | E7: 미수금이 직원 부담액보다 과소. 급여공제로 회수할 금액은 명세 기준
A9: 보상원가(할인·무상주)는 GL에 없음 → 회차별계산 시트의 금액이 미계상분

Sheet 과거분추정
A1: 2013~2023 회차 누적 보상원가 추정 (자료 없음)
A2: 2024~2026 회차 계산값을 연평균으로 외삽. 참여 인원·주가·조직(2024 SPK 합병, OHK 분리) 변화로 불확실성 큼
A4: 항목 | B4: 금액 (원) | C4: 산식 / 비고
A5: 2024~2026 연평균 | B5: =AVERAGE(회차별계산!B20:D20) -> 415362039
A6: 2024~2026 최소 | B6: =MIN(회차별계산!B20:D20) -> 316532214
A7: 2024~2026 최대 | B7: =MAX(회차별계산!B20:D20) -> 515808864
A8: 추정 대상 연수 (2013~2023) | B8: 11 | C8: 프로그램 2013년 시작
A9: 추정 누적 - 기준 | B9: =B5*B8 -> 4568982429 | C9: 연평균 × 11년
A10: 추정 누적 - 하한 | B10: =B6*B8 -> 3481854354 | C10: 최소 × 11년
A11: 추정 누적 - 상한 | B11: =B7*B8 -> 5673897504 | C11: 최대 × 11년
A12: 2024~2025 계산값 (전기 누락) | B12: =회차별계산!B20+회차별계산!C20 -> 929553903 | C12: 감사인 감사기간 전기분
A13: 2026 계산값 (당기) | B13: =회차별계산!D20 -> 316532214
A14: 2013~2026 누적 - 기준 | B14: =B9+B12+B13 -> 5815068546 | C14: 자본잉여금 과소·이익잉여금 과대 추정액 (자본 총계 영향 없음)

Sheet 범위 및 제약사항
A1: 검토 범위의 논리와 금액 산출 시 제약사항
A3: 구분 | B3: 내용 | C3: 영향 방향
A4: 범위 | B4: 정량 검토는 당 감사인이 감사한 회계연도(2024~)와 자료 입수가 가능한 회차(2024·2025·2026)로 한정함. 2023년 이전은 전임감사인(EY한영) 감사기간이며 회사도 명세를 보유하지 않음.
A5: 범위 | B5: 단, 2023년 이전 누락분도 2026년말 자본(이익잉여금·자본잉여금) 잔액에 남아 있으므로 기초잔액 관련 감사기준(감사기준서 510)상 영향 평가는 필요함. 추정(과거분추정 시트)과 성격(자본 내 분류, 자본 총계·손익 영향 없음)으로 중요성을 판단함.
A6: 범위 | B6: 2024·2025 회차는 당 감사인이 감사한 전기 재무제표의 누락(전기오류). 중요하지 않으므로 재발행·재작성 대상 아님. 미수정사항으로 기록.
A7: 제약 1 | B7: 공정가치 대용치: 부여일 주가 대신 참고가격(청약가격 ÷ 0.8)을 사용함. 부여일(청약 종료일) 실제 주가가 다르면 금액이 달라짐(민감도: 주가 ±10%). | C7: ±
A8: 제약 2 | B8: 처분제한(약 3년) 할인 미반영(19.A4). 반영하면 금액이 줄어듦. | C8: 과대 가능
A9: 제약 3 | B9: 할인율 20%: 2026 안내서로만 확인. 2024·2025는 같은 조건으로 가정. | C9: ±
A10: 제약 4 | B10: 부여일: 청약기간 종료일로 가정. 개인별 청약일 또는 교부일(7월 하순) 기준과는 주가가 다를 수 있음. 모두 같은 회계연도이므로 귀속연도는 영향 없음. | C10: ±
A11: 제약 5 | B11: 가득조건: 할인·무상주 모두 근무조건 없는 즉시 가득으로 가정(퇴사 시에도 주식 보유, 고용 종료는 조기처분 사유). 근무조건이 있으면 기간 배분 필요. 2024·2025 플랜 규정은 미입수. | C11: 시점
A12: 제약 6 | B12: 명세 완전성: 회사 제공 Workday 추출본 기준. 2026만 GL과 대사함. 청약 후 취소·한도초과 감액 등은 반영되지 않았을 수 있음. | C12: ±
A13: 제약 7 | B13: 환율: 원화 청약가격 기준으로 계산함(그룹 고정환율 내재). 그룹 IFRS 2 금액(EUR)과는 환산 차이가 있을 수 있음. | C13: ±
A14: 제약 8 | B14: 2023년 이전: 연평균 외삽으로 추정. 참여 인원(합병·분할), 주가, 할인·무상주 조건 변화를 반영하지 못함. | C14: ±
A15: 제외 항목 | B15: 사용자 부담 사회보험료, 근로소득 원천징수, 무이자 분할납부 인정이자는 별도 사항으로 이 계산에 포함하지 않음. 법인세는 손금불산입(기타)으로 영향 없음.
A16: 보완 방안 | B16: 그룹(HQ)에 회차별 IFRS 2 한국 귀속액(부여일 주가, 처분제한 할인 포함)을 요청하면 제약 1·2·7·8을 해소할 수 있음.
